Cluster_Tier,Tier_Name,Employer_Count,Total_Hires,Avg_Hourly_Wage,Avg_Majors_Served,Avg_Industries_Served,Avg_Years_Active,Avg_Seasons_Active,Avg_Remote_Rate,Employer_Percent,Hire_Percent
0,Strategic High-Volume Partners,110,3948,18.638454282538767,8.172727272727272,1.990909090909091,5.245454545454545,2.909090909090909,0.002220574038755857,3.85,42.55
1,Low-Engagement Employers,2218,2637,17.61318229636309,1.0829576194770063,1.009467989179441,1.0653742110009017,1.047790802524797,0.0,77.66,28.42
2,Core Relationship Employers,520,2683,17.44879964749267,2.4153846153846152,1.1115384615384616,2.6653846153846152,2.3576923076923078,0.0014299802761341223,18.21,28.92
3,Premium Remote / Specialized Employers,8,10,26.458750000000002,1.125,1.125,1.0,1.0,0.875,0.28,0.11
